{
    "geracao": 7,
    "records": [
        367.39489065319685,
        748.062703630084,
        771.5514708412394,
        788.2364403393982,
        1105.2203826615412,
        1760.0952769133855,
        1737.3469559221717
    ]
}