{
    "geracao": 5,
    "records": [
        156.3382141754027,
        119.55839859264341,
        52.64213088687021,
        48.12036929160685,
        88.03328564159743
    ]
}