{
    "geracao": 18,
    "records": [
        37.60628881598272,
        89.80240526157782,
        40.355053399547174,
        192.61614068920298,
        38.209720763796994,
        54.82354607279881,
        49.13692266935576,
        34.55953975310379,
        27.150569930855738,
        28.706304978196716,
        38.96690352557513,
        33.36064546255368,
        40.7670200595476,
        42.08425803768405,
        27.560317300751578,
        32.98215331628489,
        46.74746572689765,
        871.7910406529436
    ]
}
        