{
    "geracao": 8,
    "records": [
        92.84647098530077,
        475.01347149202724,
        686.024886608222,
        1255.698988273235,
        2163.621090943069,
        2237.845216262219,
        4432.196305211953,
        4638.498437598323
    ]
}